Title,Company,URL
Tier III Service Desk Engineer,Unio Digital,https://remotive.com/remote-jobs/information-technology/tier-iii-service-desk-engineer-2091045
Senior React Full-stack Developer,Lemon.io,https://remotive.com/remote-jobs/software-development/senior-react-full-stack-developer-2091101
Senior QA Engineer,Lemon.io,https://remotive.com/remote-jobs/qa/senior-qa-engineer-2091100
Senior DevOps Engineer,Lemon.io,https://remotive.com/remote-jobs/devops/senior-devops-engineer-2091099
Senior Golang Developer,Lemon.io,https://remotive.com/remote-jobs/software-development/senior-golang-developer-2091098
Senior Data Engineer,Lemon.io,https://remotive.com/remote-jobs/software-development/senior-data-engineer-2091097
Senior Independent AI Engineer / Architect,A.Team,https://remotive.com/remote-jobs/software-development/senior-independent-ai-engineer-architect-1919266
Senior Independent Software Developer,A.Team,https://remotive.com/remote-jobs/software-development/senior-independent-software-developer-1919265
Tech Lead Full-Stack Rails Engineer,Mitre Media,https://remotive.com/remote-jobs/software-development/tech-lead-full-stack-rails-engineer-2069746
